{"1": [[-0.3954307211782329, 0.49197965740267313, -0.0015881624823475807, -0.0020156865306225277, -0.752972128288843]], "2": [[-0.23845253884213427, 0.07025776404028078, 0.0200228045736924, -0.00447158930546792, -0.011450525914597798]], "3": [[0.5378298937475814, -3.822629993002628, 0.03932483554456886, 0.032539818910694934, 7.22720087086487]], "4": [[-0.24724485062415416, -0.0906477479148354, 0.03949230603153926, -0.02038417345702595, 0.24109460708900654]], "5": [[-0.3761581992421117, 0.13127708715927935, 0.007654082046715938, 0.009846937939428249, 0.21557896245411898]], "6": [[-0.5152389612673357, 0.4677126047776101, -0.04135115140688867, -0.0014486144057707252, -1.819305460738543]], "7": [[-0.41859966018560807, -0.9434486901032775, 0.009899804785168356, -0.018601919797072583, 28.61611758436393]], "8": [[0.4947901930940236, -2.545381505726191, 0.02930766367816147, -0.12524757514364032, 6.008258344120153]], "12": [[-0.30915610976410635, 0.09657182362949404, 0.000988502002891409, 0.0015860300688034755, -0.013789485949009106]], "13": [[-0.6681179670907329, 0.9471443159048865, 0.0038684263917304566, 0.09784232420957271, -3.14802727371557]]}