{"1": [[0.9309128777357011, 0.022186410121361876, 0.36456683512322263, -6.307498688742588], [0.33716101466934245, 0.3316051069863136, -0.8811132181551559, 23.469374794250776], [-0.14044096358604133, 0.9431573655687171, 0.30121507186809554, -6.779171966939624], [0.0, 0.0, 0.0, 1.0]], "2": [[0.9938005573838115, 0.04721903663021488, 0.10065194843290595, 8.795546625661212], [0.09038604655194267, 0.18400394139092716, -0.9787609065248337, 19.494462027841404], [-0.06473650231774948, 0.9817906661464646, 0.17859527747212509, -4.207233968235463], [0.0, 0.0, 0.0, 1.0]], "3": [[0.7561929257208939, -0.14236102700587921, 0.6386748758793523, -15.214205973062885], [0.635002752128141, 0.39523647329722433, -0.6637466647488781, 16.4006093431653], [-0.15793594866072033, 0.9074808362524271, 0.38927466903875774, -7.504399167280978], [0.0, 0.0, 0.0, 1.0]], "4": [[0.9804000121750518, 0.032838106309708216, -0.1942613571999085, 23.277730914801797], [-0.19698272315278623, 0.18185267143882136, -0.9633936955730388, 22.09816178204217], [0.0036909221708043617, 0.9827773220137693, 0.1847569008967532, -6.141451025140885], [0.0, 0.0, 0.0, 1.0]], "5": [[-0.6911998016720747, -0.26813691186818867, 0.671077812673222, -13.416652115251607], [0.7147630742023025, -0.11672066526811366, 0.6895578540312938, -5.99841094578249], [-0.10656726479251728, 0.9562838923631205, 0.27233166411837134, -6.163112178367526], [0.0, 0.0, 0.0, 1.0]], "6": [[-0.9939883814012116, -0.013569319772863337, -0.10864148010912437, 10.986245018229313], [-0.06693748355349986, -0.7099174963701318, 0.7010966564198471, -9.367287943578178], [-0.08663989228366123, 0.7041541180085975, 0.7047414470262192, -11.48433665586523], [0.0, 0.0, 0.0, 1.0]], "7": [[0.047889510695563006, 0.24005613672549936, -0.969577044894199, 33.777781656572216], [-0.9984869100047434, -0.014760310845727986, -0.052971914944778105, 4.767843844733142], [-0.027027491828115834, 0.9706467866552516, 0.2389860461226036, -6.378246729288275], [0.0, 0.0, 0.0, 1.0]], "8": [[-0.6909457775757814, 0.27376379322343697, -0.6690645095729666, 31.563596349694382], [-0.7228858437319633, -0.2546416484381439, 0.6423345606556077, -5.907788833322409], [0.0054762562144703856, 0.9274756149897528, 0.3738435424308594, -6.554642001356524], [0.0, 0.0, 0.0, 1.0]], "12": [[0.5870763655553775, 0.4029961650202565, -0.7020936062842722, 31.281070913586724], [-0.7884082239492767, 0.08780005856816103, -0.6088543521439053, 14.475645731477854], [-0.18372210921779605, 0.9109803733859437, 0.3692708300017353, -7.0265403911738185], [0.0, 0.0, 0.0, 1.0]], "13": [[0.11234794908008529, -0.3408703911953714, 0.9333730844329148, -18.594245137562172], [0.9934699454403134, 0.019735161663552783, -0.11237433381753244, 4.6465434106048535], [0.019884814415009097, 0.9399031332006657, 0.3408616938807481, -8.18728697749257], [0.0, 0.0, 0.0, 1.0]]}