{"1": [[13.536284641809019, -10.68866768076139, -9799.792912308665], [-1.9670229434613433, 45.75749086981812, -41308.2632931891], [-0.0003290487823571096, 0.0017852140089703132, 1.0]], "2": [[5.616563464644189, -3.9043098954494075, 310.33505980916254], [-1.0650097366121014, 11.09192382186054, -9214.122844600168], [-4.340231281232688e-05, -0.00020102850534757082, 1.0]], "3": [[6.703070930207854, -12.232308312785689, -1182.6304869198077], [1.9669778142010588, 15.420883907517723, -19237.218967082918], [-0.00018957990991375732, 0.0008890413518864429, 1.0]], "4": [[-434.5264281118298, -1188.0571444875134, 1034802.2808118855], [35.21101953332317, -1216.4692326814923, 1114368.234978234], [-0.005412798884989986, -0.049051453387606865, 1.0]], "5": [[-3.658315497730857, -20.05224550804392, 28877.84280454195], [7.649159198681268, -9.594257606828604, 14228.041461653247], [-5.801570646932121e-05, 0.001223747836533629, 1.0]], "6": [[-45.0969107914696, 39.417827547933015, 93826.29307061124], [-0.1285964821585479, -56.80882298777076, 97967.04761736153], [-0.00014025141934496962, 0.004478261955991865, 0.9999999999999999]], "7": [[1.3724130956253207, -146.1797068670571, 155309.4430238922], [27.750893613229763, -17.890201419854698, -45497.390887157075], [5.1044149070131206e-05, -0.004053601629140734, 1.0]], "8": [[-5.93166424803434, 32.765343259796204, 11775.391758615318], [-5.228141895543586, -6.835458481922003, 30112.845430502322], [-6.952755012305583e-05, 0.0010341686245356147, 1.0]], "12": [[-0.41920070709991636, -317.3963756886304, 216388.12618819784], [79.55767186472737, -136.1537756146657, -16805.870321777027], [0.0008299243252140167, -0.009267924844279964, 1.0]], "13": [[0.5556891016941172, -35.59486214483049, 49417.75286237019], [16.45362773135232, 10.042948531125418, -23295.133288244684], [-5.378313349236579e-05, 0.002196423965345262, 1.0]]}