{"1": [[3876.663518497667, 0.0, 2006.4308840726098], [0.0, 3893.6848129836144, 1186.8717014057193], [0.0, 0.0, 1.0]], "2": [[666.3791114313464, 0.0, 1143.995054743159], [0.0, 540.8106338716981, 1677.4724433149281], [0.0, 0.0, 1.0]], "3": [[4982.646999878897, 0.0, 2106.2004358465047], [0.0, 4991.331784036632, 1445.4115447040538], [0.0, 0.0, 1.0]], "4": [[3204.442868910512, 0.0, 2184.045336508094], [0.0, 3356.280880656354, 766.659858072344], [0.0, 0.0, 1.0]], "5": [[5144.540746761932, 0.0, 1870.3732050398182], [0.0, 5072.929155287183, 932.62187802069], [0.0, 0.0, 1.0]], "6": [[2598.067619586648, 0.0, 1893.635744085372], [0.0, 2276.741088669094, 1329.8117111808315], [0.0, 0.0, 1.0]], "7": [[4575.959608047538, 0.0, 1881.7739150811296], [0.0, 3992.725382381328, 1310.4198905162432], [0.0, 0.0, 1.0]], "8": [[5718.9971297376305, 0.0, 1571.416512268322], [0.0, 5427.418738425684, 1347.5522990528407], [0.0, 0.0, 1.0]], "12": [[812.3580409907721, 0.0, 1778.7153404192527], [0.0, 823.1482860051085, 1077.6149358158734], [0.0, 0.0, 1.0]], "13": [[4159.663305747648, 0.0, 1328.947382985837], [0.0, 4078.4795450900974, 1081.4816134664775], [0.0, 0.0, 1.0]]}