{"1": [[4334.15756559112, 0.0, 1997.6802936497854], [0.0, 4356.681844954692, 1183.2739311850307], [0.0, 0.0, 1.0]], "2": [[1601.5686114236257, 0.0, 2029.0050603925756], [0.0, 1614.0569160859186, 1068.4507646696823], [0.0, 0.0, 1.0]], "3": [[5080.42268207584, 0.0, 2014.4069251634135], [0.0, 5218.1480814381985, 1394.089706262154], [0.0, 0.0, 1.0]], "4": [[3598.1321865012833, 0.0, 2223.103310802231], [0.0, 3741.0113728597676, 685.1191736566086], [0.0, 0.0, 1.0]], "5": [[5491.553577921992, 0.0, 1848.6711923999394], [0.0, 5442.408848645264, 926.0083407893648], [0.0, 0.0, 1.0]], "6": [[2598.067619586648, 0.0, 1893.635744085372], [0.0, 2558.300091771428, 1494.266273703247], [0.0, 0.0, 1.0]], "7": [[4070.338691168407, 0.0, 1981.4686200504893], [0.0, 4103.206493294317, 1307.019373091005], [0.0, 0.0, 1.0]], "8": [[5875.879256201741, 0.0, 1820.4072030730374], [0.0, 5784.175681741472, 1306.4217895328638], [0.0, 0.0, 1.0]], "12": [[2034.2550824710186, 0.0, 1859.0641634880888], [0.0, 2054.0104624636356, 1121.9942846486335], [0.0, 0.0, 1.0]], "13": [[4496.380837589929, 0.0, 1125.762976010534], [0.0, 4931.242456159467, 1067.8219248451758], [0.0, 0.0, 1.0]]}